wu,wr,wd,wl,au,ar,ad,al,bu,br,bd,bl,direction
192,392,208,408,,,,,,,,,0
184,392,216,408,,,,,,,,,0
176,392,224,408,,,,,,,,,0
168,392,232,408,,,,,,,,,0
160,392,240,408,,,,,,,,,0
152,392,248,408,,,,,,,,,0
144,392,256,408,,,,,,,,,0
136,392,264,408,,,,,,,,,0
128,392,272,408,0.0,1.0,0.0,0.0,,,,,1
128,384,272,416,0.0,1.0,0.0,0.0,,,,,1
128,376,272,424,0.0,1.0,0.0,0.0,,,,,1
128,368,272,432,0.0,1.0,0.0,0.0,,,,,1
128,360,272,440,0.0,1.0,0.0,0.0,,,,,1
128,352,272,448,0.0,1.0,0.0,0.0,,,,,1
128,344,272,456,0.0,1.0,0.0,0.0,,,,,1
128,336,272,464,0.0,1.0,0.0,0.0,,,,,1
128,328,272,472,0.0,1.0,0.0,0.0,,,,,1
128,320,272,480,,,,,0.0,0.0,0.0,1.0,2
136,320,264,480,,,,,1.0,0.0,0.0,0.0,2
144,320,256,480,,,,,1.0,0.0,0.0,0.0,2
152,320,248,480,,,,,1.0,0.0,0.0,0.0,2
160,320,240,480,,,,,1.0,0.0,0.0,0.0,2
168,320,232,480,,,,,1.0,0.0,0.0,0.0,2
176,320,224,480,,,,,1.0,0.0,0.0,0.0,2
184,320,216,480,,,,,1.0,0.0,0.0,0.0,3
184,328,216,472,,,,,0.0,1.0,0.0,0.0,3
184,336,216,464,,,,,0.0,1.0,0.0,0.0,3
184,344,216,456,,,,,0.0,1.0,0.0,0.0,3
184,352,216,448,,,,,0.0,1.0,0.0,0.0,3
184,360,216,440,,,,,0.0,1.0,0.0,0.0,3
184,368,216,432,,,,,0.0,1.0,0.0,0.0,3
184,376,216,424,,,,,0.0,1.0,0.0,0.0,3
184,384,216,416,,,,,0.0,1.0,0.0,0.0,3
184,392,216,408,,,,,0.0,1.0,0.0,0.0,3
184,400,216,400,,,,,0.0,1.0,0.0,0.0,3
184,408,216,392,,,,,0.0,1.0,0.0,0.0,3
184,416,216,384,,,,,0.0,1.0,0.0,0.0,3
184,424,216,376,,,,,0.0,1.0,0.0,0.0,3
184,432,216,368,,,,,0.0,1.0,0.0,0.0,3
184,440,216,360,,,,,0.0,1.0,0.0,0.0,3
184,448,216,352,,,,,0.0,1.0,0.0,0.0,3
184,456,216,344,,,,,0.0,1.0,0.0,0.0,3
184,464,216,336,,,,,0.0,1.0,0.0,0.0,3
184,472,216,328,,,,,0.0,1.0,0.0,0.0,3
184,480,216,320,,,,,0.0,1.0,0.0,0.0,3
184,488,216,312,,,,,0.0,1.0,0.0,0.0,3
184,496,216,304,,,,,0.0,1.0,0.0,0.0,3
184,504,216,296,,,,,0.0,1.0,0.0,0.0,3
184,512,216,288,,,,,0.0,1.0,0.0,0.0,3
184,520,216,280,,,,,0.0,1.0,0.0,0.0,3
184,528,216,272,,,,,0.0,1.0,0.0,0.0,3
184,536,216,264,,,,,0.0,1.0,0.0,0.0,3
184,544,216,256,,,,,0.0,1.0,0.0,0.0,3
184,552,216,248,,,,,0.0,1.0,0.0,0.0,3
184,560,216,240,,,,,0.0,1.0,0.0,0.0,3
184,568,216,232,,,,,0.0,1.0,0.0,0.0,3
184,576,216,224,,,,,0.0,1.0,0.0,0.0,3
184,584,216,216,,,,,0.0,1.0,0.0,0.0,0
176,584,224,216,,,,,0.0,0.0,1.0,0.0,0
168,584,232,216,,,,,0.0,0.0,1.0,0.0,0
160,584,240,216,,,,,0.0,0.0,1.0,0.0,0
152,584,248,216,,,,,0.0,0.0,1.0,0.0,0
144,584,256,216,,,,,0.0,0.0,1.0,0.0,0
136,584,264,216,,,,,0.0,0.0,1.0,0.0,0
128,584,272,216,,,,,0.0,0.0,1.0,0.0,3
128,592,272,208,,,,,0.0,1.0,0.0,0.0,3
128,600,272,200,,,,,0.0,1.0,0.0,0.0,3
128,608,272,192,,,,,0.0,1.0,0.0,0.0,3
128,616,272,184,,,,,0.0,1.0,0.0,0.0,3
128,624,272,176,,,,,0.0,1.0,0.0,0.0,3
128,632,272,168,,,,,0.0,1.0,0.0,0.0,3
128,640,272,160,,,,,0.0,1.0,0.0,0.0,3
128,648,272,152,,,,,0.0,1.0,0.0,0.0,3
128,656,272,144,,,,,0.0,1.0,0.0,0.0,3
128,664,272,136,,,,,0.0,1.0,0.0,0.0,3
128,672,272,128,1.0,0.0,0.0,0.0,0.0,1.0,0.0,0.0,0
120,672,280,128,1.0,0.0,0.0,0.0,0.0,0.0,1.0,0.0,0
112,672,288,128,1.0,0.0,0.0,0.0,0.0,0.0,1.0,0.0,0
104,672,296,128,1.0,0.0,0.0,0.0,0.0,0.0,1.0,0.0,0
96,672,304,128,1.0,0.0,0.0,0.0,0.0,0.0,1.0,0.0,0
88,672,312,128,1.0,0.0,0.0,0.0,0.0,0.0,1.0,0.0,0
80,672,320,128,1.0,0.0,0.0,0.0,0.0,0.0,1.0,0.0,0
72,672,328,128,1.0,0.0,0.0,0.0,0.0,0.0,1.0,0.0,0
64,672,336,128,1.0,0.0,0.0,0.0,0.0,0.0,1.0,0.0,0
56,672,344,128,1.0,0.0,0.0,0.0,0.0,0.0,1.0,0.0,0
48,672,352,128,1.0,0.0,0.0,0.0,0.0,0.0,1.0,0.0,0
40,672,360,128,1.0,0.0,0.0,0.0,0.0,0.0,1.0,0.0,0
32,672,368,128,,,,,0.0,0.0,1.0,0.0,2
40,672,360,128,,,,,1.0,0.0,0.0,0.0,2
48,672,352,128,,,,,1.0,0.0,0.0,0.0,2
56,672,344,128,,,,,1.0,0.0,0.0,0.0,2
64,672,336,128,,,,,1.0,0.0,0.0,0.0,2
72,672,328,128,,,,,1.0,0.0,0.0,0.0,2
80,672,320,128,,,,,1.0,0.0,0.0,0.0,2
88,672,312,128,,,,,1.0,0.0,0.0,0.0,2
96,672,304,128,,,,,1.0,0.0,0.0,0.0,2
104,672,296,128,,,,,1.0,0.0,0.0,0.0,2
112,672,288,128,,,,,1.0,0.0,0.0,0.0,2
120,672,280,128,,,,,1.0,0.0,0.0,0.0,2
128,672,272,128,,,,,1.0,0.0,0.0,0.0,2
136,672,264,128,,,,,1.0,0.0,0.0,0.0,2
144,672,256,128,,,,,1.0,0.0,0.0,0.0,2
152,672,248,128,,,,,1.0,0.0,0.0,0.0,2
160,672,240,128,,,,,1.0,0.0,0.0,0.0,2
168,672,232,128,,,,,1.0,0.0,0.0,0.0,2
176,672,224,128,,,,,1.0,0.0,0.0,0.0,2
184,672,216,128,,,,,1.0,0.0,0.0,0.0,2
192,672,208,128,,,,,1.0,0.0,0.0,0.0,2
200,672,200,128,,,,,1.0,0.0,0.0,0.0,2
208,672,192,128,,,,,1.0,0.0,0.0,0.0,2
216,672,184,128,,,,,1.0,0.0,0.0,0.0,2
224,672,176,128,,,,,1.0,0.0,0.0,0.0,2
232,672,168,128,,,,,1.0,0.0,0.0,0.0,2
240,672,160,128,,,,,1.0,0.0,0.0,0.0,2
248,672,152,128,,,,,1.0,0.0,0.0,0.0,2
256,672,144,128,,,,,1.0,0.0,0.0,0.0,2
264,672,136,128,,,,,1.0,0.0,0.0,0.0,2
272,672,128,128,,,,,1.0,0.0,0.0,0.0,2
280,672,120,128,,,,,1.0,0.0,0.0,0.0,2
288,672,112,128,,,,,1.0,0.0,0.0,0.0,2
296,672,104,128,,,,,1.0,0.0,0.0,0.0,2
304,672,96,128,,,,,1.0,0.0,0.0,0.0,2
312,672,88,128,,,,,1.0,0.0,0.0,0.0,2
320,672,80,128,,,,,1.0,0.0,0.0,0.0,2
328,672,72,128,,,,,1.0,0.0,0.0,0.0,2
336,672,64,128,,,,,1.0,0.0,0.0,0.0,2
344,672,56,128,,,,,1.0,0.0,0.0,0.0,2
352,672,48,128,,,,,1.0,0.0,0.0,0.0,2
360,672,40,128,,,,,1.0,0.0,0.0,0.0,2
368,672,32,128,0.0,1.0,0.0,0.0,1.0,0.0,0.0,0.0,1
368,664,32,136,0.0,1.0,0.0,0.0,0.0,0.0,0.0,1.0,1
368,656,32,144,0.0,1.0,0.0,0.0,0.0,0.0,0.0,1.0,1
368,648,32,152,0.0,1.0,0.0,0.0,0.0,0.0,0.0,1.0,1
368,640,32,160,0.0,1.0,0.0,0.0,0.0,0.0,0.0,1.0,1
368,632,32,168,0.0,1.0,0.0,0.0,0.0,0.0,0.0,1.0,1
368,624,32,176,0.0,1.0,0.0,0.0,0.0,0.0,0.0,1.0,1
368,616,32,184,0.0,1.0,0.0,0.0,0.0,0.0,0.0,1.0,1
368,608,32,192,0.0,1.0,0.0,0.0,0.0,0.0,0.0,1.0,1
368,600,32,200,0.0,1.0,0.0,0.0,0.0,0.0,0.0,1.0,1
368,592,32,208,0.0,1.0,0.0,0.0,0.0,0.0,0.0,1.0,1
368,584,32,216,0.0,1.0,0.0,0.0,0.0,0.0,0.0,1.0,1
368,576,32,224,0.0,1.0,0.0,0.0,0.0,0.0,0.0,1.0,1
368,568,32,232,0.0,1.0,0.0,0.0,0.0,0.0,0.0,1.0,1
368,560,32,240,0.0,1.0,0.0,0.0,0.0,0.0,0.0,1.0,1
368,552,32,248,0.0,1.0,0.0,0.0,0.0,0.0,0.0,1.0,1
368,544,32,256,0.0,1.0,0.0,0.0,0.0,0.0,0.0,1.0,1
368,536,32,264,0.0,1.0,0.0,0.0,0.0,0.0,0.0,1.0,1
368,528,32,272,0.0,1.0,0.0,0.0,0.0,0.0,0.0,1.0,1
368,520,32,280,0.0,1.0,0.0,0.0,0.0,0.0,0.0,1.0,1
368,512,32,288,0.0,1.0,0.0,0.0,0.0,0.0,0.0,1.0,1
368,504,32,296,0.0,1.0,0.0,0.0,0.0,0.0,0.0,1.0,1
368,496,32,304,0.0,1.0,0.0,0.0,0.0,0.0,0.0,1.0,1
368,488,32,312,0.0,1.0,0.0,0.0,0.0,0.0,0.0,1.0,1
368,480,32,320,0.0,1.0,0.0,0.0,0.0,0.0,0.0,1.0,1
368,472,32,328,0.0,1.0,0.0,0.0,0.0,0.0,0.0,1.0,1
368,464,32,336,0.0,1.0,0.0,0.0,0.0,0.0,0.0,1.0,1
368,456,32,344,0.0,1.0,0.0,0.0,0.0,0.0,0.0,1.0,1
368,448,32,352,0.0,1.0,0.0,0.0,0.0,0.0,0.0,1.0,1
368,440,32,360,0.0,1.0,0.0,0.0,0.0,0.0,0.0,1.0,1
368,432,32,368,0.0,1.0,0.0,0.0,0.0,0.0,0.0,1.0,1
368,424,32,376,0.0,1.0,0.0,0.0,0.0,0.0,0.0,1.0,1
368,416,32,384,0.0,1.0,0.0,0.0,0.0,0.0,0.0,1.0,1
368,408,32,392,0.0,1.0,0.0,0.0,0.0,0.0,0.0,1.0,1
368,400,32,400,0.0,1.0,0.0,0.0,0.0,0.0,0.0,1.0,1
368,392,32,408,0.0,1.0,0.0,0.0,0.0,0.0,0.0,1.0,1
368,384,32,416,0.0,1.0,0.0,0.0,0.0,0.0,0.0,1.0,1
368,376,32,424,0.0,1.0,0.0,0.0,0.0,0.0,0.0,1.0,1
368,368,32,432,0.0,1.0,0.0,0.0,0.0,0.0,0.0,1.0,1
368,360,32,440,0.0,1.0,0.0,0.0,0.0,0.0,0.0,1.0,1
368,352,32,448,0.0,1.0,0.0,0.0,0.0,0.0,0.0,1.0,1
368,344,32,456,,,,,0.0,0.0,0.0,1.0,0
360,344,40,456,,,,,0.0,0.0,1.0,0.0,0
352,344,48,456,,,,,0.0,0.0,1.0,0.0,0
344,344,56,456,,,,,0.0,0.0,1.0,0.0,0
336,344,64,456,,,,,0.0,0.0,1.0,0.0,0
328,344,72,456,,,,,0.0,0.0,1.0,0.0,0
320,344,80,456,,,,,0.0,0.0,1.0,0.0,0
312,344,88,456,0.0,1.0,0.0,0.0,0.0,0.0,1.0,0.0,1
312,336,88,464,0.0,1.0,0.0,0.0,0.0,0.0,0.0,1.0,1
312,328,88,472,0.0,1.0,0.0,0.0,0.0,0.0,0.0,1.0,1
312,320,88,480,0.0,1.0,0.0,0.0,0.0,0.0,0.0,1.0,1
312,312,88,488,0.0,1.0,0.0,0.0,0.0,0.0,0.0,1.0,1
312,304,88,496,0.0,1.0,0.0,0.0,0.0,0.0,0.0,1.0,1
312,296,88,504,0.0,1.0,0.0,0.0,0.0,0.0,0.0,1.0,1
312,288,88,512,0.0,1.0,0.0,0.0,0.0,0.0,0.0,1.0,1
312,280,88,520,0.0,1.0,0.0,0.0,0.0,0.0,0.0,1.0,1
312,272,88,528,,,,,0.0,0.0,0.0,1.0,0
304,272,96,528,,,,,0.0,0.0,1.0,0.0,0
296,272,104,528,,,,,0.0,0.0,1.0,0.0,0
288,272,112,528,,,,,0.0,0.0,1.0,0.0,0
280,272,120,528,,,,,0.0,0.0,1.0,0.0,0
272,272,128,528,,,,,0.0,0.0,1.0,0.0,0
264,272,136,528,,,,,0.0,0.0,1.0,0.0,0
256,272,144,528,,,,,0.0,0.0,1.0,0.0,0
248,272,152,528,,,,,0.0,0.0,1.0,0.0,0
240,272,160,528,,,,,0.0,0.0,1.0,0.0,0
232,272,168,528,,,,,0.0,0.0,1.0,0.0,0
224,272,176,528,,,,,0.0,0.0,1.0,0.0,0
216,272,184,528,,,,,0.0,0.0,1.0,0.0,0
208,272,192,528,,,,,0.0,0.0,1.0,0.0,0
200,272,200,528,,,,,0.0,0.0,1.0,0.0,0
192,272,208,528,,,,,0.0,0.0,1.0,0.0,0
184,272,216,528,,,,,0.0,0.0,1.0,0.0,0
176,272,224,528,,,,,0.0,0.0,1.0,0.0,0
168,272,232,528,,,,,0.0,0.0,1.0,0.0,0
160,272,240,528,,,,,0.0,0.0,1.0,0.0,0
152,272,248,528,,,,,0.0,0.0,1.0,0.0,0
144,272,256,528,,,,,0.0,0.0,1.0,0.0,0
136,272,264,528,,,,,0.0,0.0,1.0,0.0,0
128,272,272,528,,,,,0.0,0.0,1.0,0.0,0
120,272,280,528,,,,,0.0,0.0,1.0,0.0,0
112,272,288,528,,,,,0.0,0.0,1.0,0.0,0
104,272,296,528,,,,,0.0,0.0,1.0,0.0,0
96,272,304,528,,,,,0.0,0.0,1.0,0.0,0
88,272,312,528,,,,,0.0,0.0,1.0,0.0,0
80,272,320,528,,,,,0.0,0.0,1.0,0.0,0
72,272,328,528,,,,,0.0,0.0,1.0,0.0,0
64,272,336,528,,,,,0.0,0.0,1.0,0.0,0
56,272,344,528,,,,,0.0,0.0,1.0,0.0,0
48,272,352,528,,,,,0.0,0.0,1.0,0.0,3
48,280,352,520,,,,,0.0,1.0,0.0,0.0,3
48,288,352,512,,,,,0.0,1.0,0.0,0.0,3
48,296,352,504,,,,,0.0,1.0,0.0,0.0,3
48,304,352,496,,,,,0.0,1.0,0.0,0.0,3
48,312,352,488,,,,,0.0,1.0,0.0,0.0,3
48,320,352,480,,,,,0.0,1.0,0.0,0.0,3
48,328,352,472,,,,,0.0,1.0,0.0,0.0,3
48,336,352,464,,,,,0.0,1.0,0.0,0.0,2
56,336,344,464,,,,,1.0,0.0,0.0,0.0,2
64,336,336,464,,,,,1.0,0.0,0.0,0.0,2
72,336,328,464,,,,,1.0,0.0,0.0,0.0,2
80,336,320,464,,,,,1.0,0.0,0.0,0.0,2
88,336,312,464,,,,,1.0,0.0,0.0,0.0,2
96,336,304,464,,,,,1.0,0.0,0.0,0.0,2
104,336,296,464,,,,,1.0,0.0,0.0,0.0,2
112,336,288,464,,,,,1.0,0.0,0.0,0.0,2
120,336,280,464,,,,,1.0,0.0,0.0,0.0,2
128,336,272,464,,,,,1.0,0.0,0.0,0.0,2
136,336,264,464,,,,,1.0,0.0,0.0,0.0,2
144,336,256,464,,,,,1.0,0.0,0.0,0.0,2
152,336,248,464,,,,,1.0,0.0,0.0,0.0,2
160,336,240,464,,,,,1.0,0.0,0.0,0.0,2
168,336,232,464,,,,,1.0,0.0,0.0,0.0,2
176,336,224,464,,,,,1.0,0.0,0.0,0.0,2
184,336,216,464,,,,,1.0,0.0,0.0,0.0,2
192,336,208,464,,,,,1.0,0.0,0.0,0.0,2
200,336,200,464,,,,,1.0,0.0,0.0,0.0,2
208,336,192,464,,,,,1.0,0.0,0.0,0.0,2
216,336,184,464,,,,,1.0,0.0,0.0,0.0,2
224,336,176,464,,,,,1.0,0.0,0.0,0.0,2
232,336,168,464,,,,,1.0,0.0,0.0,0.0,2
240,336,160,464,,,,,1.0,0.0,0.0,0.0,2
248,336,152,464,,,,,1.0,0.0,0.0,0.0,2
256,336,144,464,,,,,1.0,0.0,0.0,0.0,2
264,336,136,464,,,,,1.0,0.0,0.0,0.0,2
272,336,128,464,,,,,1.0,0.0,0.0,0.0,2
280,336,120,464,,,,,1.0,0.0,0.0,0.0,2
288,336,112,464,,,,,1.0,0.0,0.0,0.0,2
296,336,104,464,,,,,1.0,0.0,0.0,0.0,2
304,336,96,464,,,,,1.0,0.0,0.0,0.0,2
312,336,88,464,,,,,1.0,0.0,0.0,0.0,2
320,336,80,464,,,,,1.0,0.0,0.0,0.0,2
328,336,72,464,,,,,1.0,0.0,0.0,0.0,2
336,336,64,464,,,,,1.0,0.0,0.0,0.0,2
344,336,56,464,,,,,1.0,0.0,0.0,0.0,2
352,336,48,464,0.0,1.0,0.0,0.0,1.0,0.0,0.0,0.0,1
352,328,48,472,0.0,1.0,0.0,0.0,0.0,0.0,0.0,1.0,1
352,320,48,480,0.0,1.0,0.0,0.0,0.0,0.0,0.0,1.0,1
352,312,48,488,0.0,1.0,0.0,0.0,0.0,0.0,0.0,1.0,1
352,304,48,496,0.0,1.0,0.0,0.0,0.0,0.0,0.0,1.0,1
352,296,48,504,,,,,0.0,0.0,0.0,1.0,0
344,296,56,504,,,,,0.0,0.0,1.0,0.0,0
336,296,64,504,,,,,0.0,0.0,1.0,0.0,0
328,296,72,504,,,,,0.0,0.0,1.0,0.0,0
320,296,80,504,,,,,0.0,0.0,1.0,0.0,0
312,296,88,504,,,,,0.0,0.0,1.0,0.0,0
304,296,96,504,,,,,0.0,0.0,1.0,0.0,0
296,296,104,504,0.0,1.0,0.0,0.0,0.0,0.0,1.0,0.0,1
296,288,104,512,0.0,1.0,0.0,0.0,0.0,0.0,0.0,1.0,1
296,280,104,520,0.0,1.0,0.0,0.0,0.0,0.0,0.0,1.0,1
296,272,104,528,0.0,1.0,0.0,0.0,0.0,0.0,0.0,1.0,1
296,264,104,536,0.0,1.0,0.0,0.0,0.0,0.0,0.0,1.0,1
296,256,104,544,0.0,1.0,0.0,0.0,0.0,0.0,0.0,1.0,1
296,248,104,552,0.0,1.0,0.0,0.0,0.0,0.0,0.0,1.0,1
296,240,104,560,0.0,1.0,0.0,0.0,0.0,0.0,0.0,1.0,1
296,232,104,568,0.0,1.0,0.0,0.0,0.0,0.0,0.0,1.0,1
296,224,104,576,0.0,1.0,0.0,0.0,0.0,0.0,0.0,1.0,1
296,216,104,584,0.0,1.0,0.0,0.0,0.0,0.0,0.0,1.0,1
296,208,104,592,0.0,1.0,0.0,0.0,0.0,0.0,0.0,1.0,1
296,200,104,600,0.0,1.0,0.0,0.0,0.0,0.0,0.0,1.0,1
296,192,104,608,0.0,1.0,0.0,0.0,0.0,0.0,0.0,1.0,1
296,184,104,616,0.0,1.0,0.0,0.0,0.0,0.0,0.0,1.0,1
296,176,104,624,0.0,1.0,0.0,0.0,0.0,0.0,0.0,1.0,1
296,168,104,632,0.0,1.0,0.0,0.0,0.0,0.0,0.0,1.0,1
296,160,104,640,0.0,1.0,0.0,0.0,0.0,0.0,0.0,1.0,1
296,152,104,648,0.0,1.0,0.0,0.0,0.0,0.0,0.0,1.0,1
296,144,104,656,0.0,1.0,0.0,0.0,0.0,0.0,0.0,1.0,1
296,136,104,664,0.0,1.0,0.0,0.0,0.0,0.0,0.0,1.0,1
296,128,104,672,0.0,1.0,0.0,0.0,0.0,0.0,0.0,1.0,1
296,120,104,680,0.0,1.0,0.0,0.0,0.0,0.0,0.0,1.0,1
296,112,104,688,,,,,0.0,0.0,0.0,1.0,0
288,112,112,688,,,,,0.0,0.0,1.0,0.0,3
288,120,112,680,,,,,0.0,1.0,0.0,0.0,3
288,128,112,672,,,,,0.0,1.0,0.0,0.0,3
288,136,112,664,,,,,0.0,1.0,0.0,0.0,3
288,144,112,656,,,,,0.0,1.0,0.0,0.0,3
288,152,112,648,,,,,0.0,1.0,0.0,0.0,3
288,160,112,640,,,,,0.0,1.0,0.0,0.0,3
288,168,112,632,,,,,0.0,1.0,0.0,0.0,3
288,176,112,624,,,,,0.0,1.0,0.0,0.0,3
288,184,112,616,,,,,0.0,1.0,0.0,0.0,3
288,192,112,608,,,,,0.0,1.0,0.0,0.0,3
288,200,112,600,,,,,0.0,1.0,0.0,0.0,3
288,208,112,592,,,,,0.0,1.0,0.0,0.0,3
288,216,112,584,,,,,0.0,1.0,0.0,0.0,3
288,224,112,576,,,,,0.0,1.0,0.0,0.0,3
288,232,112,568,,,,,0.0,1.0,0.0,0.0,3
288,240,112,560,,,,,0.0,1.0,0.0,0.0,3
288,248,112,552,,,,,0.0,1.0,0.0,0.0,3
288,256,112,544,,,,,0.0,1.0,0.0,0.0,3
288,264,112,536,,,,,0.0,1.0,0.0,0.0,3
288,272,112,528,,,,,0.0,1.0,0.0,0.0,3
288,280,112,520,,,,,0.0,1.0,0.0,0.0,3
288,288,112,512,,,,,0.0,1.0,0.0,0.0,3
288,296,112,504,,,,,0.0,1.0,0.0,0.0,3
288,304,112,496,,,,,0.0,1.0,0.0,0.0,3
288,312,112,488,,,,,0.0,1.0,0.0,0.0,3
288,320,112,480,,,,,0.0,1.0,0.0,0.0,3
288,328,112,472,,,,,0.0,1.0,0.0,0.0,3
288,336,112,464,,,,,0.0,1.0,0.0,0.0,3
288,344,112,456,,,,,0.0,1.0,0.0,0.0,3
288,352,112,448,,,,,0.0,1.0,0.0,0.0,3
288,360,112,440,,,,,0.0,1.0,0.0,0.0,3
288,368,112,432,,,,,0.0,1.0,0.0,0.0,3
288,376,112,424,,,,,0.0,1.0,0.0,0.0,3
288,384,112,416,,,,,0.0,1.0,0.0,0.0,3
288,392,112,408,,,,,0.0,1.0,0.0,0.0,3
288,400,112,400,,,,,0.0,1.0,0.0,0.0,3
288,408,112,392,,,,,0.0,1.0,0.0,0.0,3
288,416,112,384,,,,,0.0,1.0,0.0,0.0,3
288,424,112,376,,,,,0.0,1.0,0.0,0.0,3
288,432,112,368,,,,,0.0,1.0,0.0,0.0,3
288,440,112,360,,,,,0.0,1.0,0.0,0.0,3
288,448,112,352,,,,,0.0,1.0,0.0,0.0,3
288,456,112,344,,,,,0.0,1.0,0.0,0.0,3
288,464,112,336,,,,,0.0,1.0,0.0,0.0,3
288,472,112,328,,,,,0.0,1.0,0.0,0.0,3
288,480,112,320,,,,,0.0,1.0,0.0,0.0,3
288,488,112,312,,,,,0.0,1.0,0.0,0.0,3
288,496,112,304,,,,,0.0,1.0,0.0,0.0,3
288,504,112,296,,,,,0.0,1.0,0.0,0.0,3
288,512,112,288,,,,,0.0,1.0,0.0,0.0,3
288,520,112,280,,,,,0.0,1.0,0.0,0.0,3
288,528,112,272,,,,,0.0,1.0,0.0,0.0,3
288,536,112,264,,,,,0.0,1.0,0.0,0.0,3
288,544,112,256,,,,,0.0,1.0,0.0,0.0,3
288,552,112,248,,,,,0.0,1.0,0.0,0.0,3
288,560,112,240,,,,,0.0,1.0,0.0,0.0,3
288,568,112,232,,,,,0.0,1.0,0.0,0.0,3
288,576,112,224,,,,,0.0,1.0,0.0,0.0,3
288,584,112,216,,,,,0.0,1.0,0.0,0.0,3
288,592,112,208,,,,,0.0,1.0,0.0,0.0,3
288,600,112,200,,,,,0.0,1.0,0.0,0.0,3
288,608,112,192,,,,,0.0,1.0,0.0,0.0,3
288,616,112,184,,,,,0.0,1.0,0.0,0.0,3
288,624,112,176,,,,,0.0,1.0,0.0,0.0,3
288,632,112,168,,,,,0.0,1.0,0.0,0.0,3
288,640,112,160,,,,,0.0,1.0,0.0,0.0,3
288,648,112,152,,,,,0.0,1.0,0.0,0.0,3
288,656,112,144,,,,,0.0,1.0,0.0,0.0,3
288,664,112,136,,,,,0.0,1.0,0.0,0.0,3
288,672,112,128,,,,,0.0,1.0,0.0,0.0,3
288,680,112,120,,,,,0.0,1.0,0.0,0.0,3
288,688,112,112,,,,,0.0,1.0,0.0,0.0,3
288,696,112,104,,,,,0.0,1.0,0.0,0.0,3
288,704,112,96,,,,,0.0,1.0,0.0,0.0,3
288,712,112,88,,,,,0.0,1.0,0.0,0.0,3
288,720,112,80,,,,,0.0,1.0,0.0,0.0,3
288,728,112,72,,,,,0.0,1.0,0.0,0.0,0
280,728,120,72,,,,,0.0,0.0,1.0,0.0,0
272,728,128,72,,,,,0.0,0.0,1.0,0.0,0
264,728,136,72,,,,,0.0,0.0,1.0,0.0,0
256,728,144,72,,,,,0.0,0.0,1.0,0.0,0
248,728,152,72,,,,,0.0,0.0,1.0,0.0,0
240,728,160,72,,,,,0.0,0.0,1.0,0.0,0
232,728,168,72,,,,,0.0,0.0,1.0,0.0,0
224,728,176,72,,,,,0.0,0.0,1.0,0.0,0
216,728,184,72,,,,,0.0,0.0,1.0,0.0,0
208,728,192,72,,,,,0.0,0.0,1.0,0.0,0
200,728,200,72,,,,,0.0,0.0,1.0,0.0,0
192,728,208,72,,,,,0.0,0.0,1.0,0.0,0
184,728,216,72,,,,,0.0,0.0,1.0,0.0,0
176,728,224,72,,,,,0.0,0.0,1.0,0.0,0
168,728,232,72,,,,,0.0,0.0,1.0,0.0,0
160,728,240,72,,,,,0.0,0.0,1.0,0.0,0
152,728,248,72,,,,,0.0,0.0,1.0,0.0,0
144,728,256,72,,,,,0.0,0.0,1.0,0.0,0
136,728,264,72,,,,,0.0,0.0,1.0,0.0,0
128,728,272,72,,,,,0.0,0.0,1.0,0.0,0
120,728,280,72,0.0,1.0,0.0,0.0,0.0,0.0,1.0,0.0,1
120,720,280,80,0.0,1.0,0.0,0.0,0.0,0.0,0.0,1.0,1
120,712,280,88,0.0,1.0,0.0,0.0,0.0,0.0,0.0,1.0,1
120,704,280,96,0.0,1.0,0.0,0.0,0.0,0.0,0.0,1.0,1
120,696,280,104,0.0,1.0,0.0,0.0,0.0,0.0,0.0,1.0,1
120,688,280,112,0.0,1.0,0.0,0.0,0.0,0.0,0.0,1.0,1
120,680,280,120,0.0,1.0,0.0,0.0,0.0,0.0,0.0,1.0,1
120,672,280,128,0.0,1.0,0.0,0.0,0.0,0.0,0.0,1.0,1
120,664,280,136,0.0,1.0,0.0,0.0,0.0,0.0,0.0,1.0,1
120,656,280,144,0.0,1.0,0.0,0.0,0.0,0.0,0.0,1.0,1
120,648,280,152,0.0,1.0,0.0,0.0,0.0,0.0,0.0,1.0,1
120,640,280,160,0.0,1.0,0.0,0.0,0.0,0.0,0.0,1.0,1
120,632,280,168,0.0,1.0,0.0,0.0,0.0,0.0,0.0,1.0,1
120,624,280,176,0.0,1.0,0.0,0.0,0.0,0.0,0.0,1.0,1
120,616,280,184,0.0,1.0,0.0,0.0,0.0,0.0,0.0,1.0,1
120,608,280,192,0.0,1.0,0.0,0.0,0.0,0.0,0.0,1.0,1
120,600,280,200,,,,,0.0,0.0,0.0,1.0,2
128,600,272,200,,,,,1.0,0.0,0.0,0.0,2
136,600,264,200,,,,,1.0,0.0,0.0,0.0,2
144,600,256,200,,,,,1.0,0.0,0.0,0.0,2
152,600,248,200,,,,,1.0,0.0,0.0,0.0,2
160,600,240,200,,,,,1.0,0.0,0.0,0.0,2
168,600,232,200,,,,,1.0,0.0,0.0,0.0,2
176,600,224,200,,,,,1.0,0.0,0.0,0.0,2
184,600,216,200,,,,,1.0,0.0,0.0,0.0,2
192,600,208,200,,,,,1.0,0.0,0.0,0.0,2
200,600,200,200,,,,,1.0,0.0,0.0,0.0,2
208,600,192,200,,,,,1.0,0.0,0.0,0.0,2
216,600,184,200,,,,,1.0,0.0,0.0,0.0,2
224,600,176,200,,,,,1.0,0.0,0.0,0.0,2
232,600,168,200,,,,,1.0,0.0,0.0,0.0,3
232,608,168,192,,,,,0.0,1.0,0.0,0.0,3
232,616,168,184,,,,,0.0,1.0,0.0,0.0,3
232,624,168,176,,,,,0.0,1.0,0.0,0.0,3
232,632,168,168,,,,,0.0,1.0,0.0,0.0,3
232,640,168,160,,,,,0.0,1.0,0.0,0.0,3
232,648,168,152,,,,,0.0,1.0,0.0,0.0,3
232,656,168,144,,,,,0.0,1.0,0.0,0.0,3
232,664,168,136,,,,,0.0,1.0,0.0,0.0,3
232,672,168,128,,,,,0.0,1.0,0.0,0.0,3
232,680,168,120,,,,,0.0,1.0,0.0,0.0,3
232,688,168,112,,,,,0.0,1.0,0.0,0.0,3
232,696,168,104,,,,,0.0,1.0,0.0,0.0,0
224,696,176,104,,,,,0.0,0.0,1.0,0.0,0
216,696,184,104,,,,,0.0,0.0,1.0,0.0,0
208,696,192,104,,,,,0.0,0.0,1.0,0.0,0
200,696,200,104,,,,,0.0,0.0,1.0,0.0,0
192,696,208,104,,,,,0.0,0.0,1.0,0.0,0
184,696,216,104,,,,,0.0,0.0,1.0,0.0,0
176,696,224,104,,,,,0.0,0.0,1.0,0.0,0
168,696,232,104,,,,,0.0,0.0,1.0,0.0,0
160,696,240,104,,,,,0.0,0.0,1.0,0.0,0
152,696,248,104,,,,,0.0,0.0,1.0,0.0,0
144,696,256,104,,,,,0.0,0.0,1.0,0.0,0
136,696,264,104,,,,,0.0,0.0,1.0,0.0,0
128,696,272,104,,,,,0.0,0.0,1.0,0.0,0
120,696,280,104,,,,,0.0,0.0,1.0,0.0,0
112,696,288,104,,,,,0.0,0.0,1.0,0.0,0
104,696,296,104,,,,,0.0,0.0,1.0,0.0,0
96,696,304,104,0.0,1.0,0.0,0.0,0.0,0.0,1.0,0.0,1
96,688,304,112,0.0,1.0,0.0,0.0,0.0,0.0,0.0,1.0,1
96,680,304,120,0.0,1.0,0.0,0.0,0.0,0.0,0.0,1.0,1
96,672,304,128,0.0,1.0,0.0,0.0,0.0,0.0,0.0,1.0,1
96,664,304,136,0.0,1.0,0.0,0.0,0.0,0.0,0.0,1.0,1
96,656,304,144,0.0,1.0,0.0,0.0,0.0,0.0,0.0,1.0,1
96,648,304,152,0.0,1.0,0.0,0.0,0.0,0.0,0.0,1.0,1
96,640,304,160,0.0,1.0,0.0,0.0,0.0,0.0,0.0,1.0,1
96,632,304,168,0.0,1.0,0.0,0.0,0.0,0.0,0.0,1.0,1
96,624,304,176,0.0,1.0,0.0,0.0,0.0,0.0,0.0,1.0,1
96,616,304,184,0.0,1.0,0.0,0.0,0.0,0.0,0.0,1.0,1
96,608,304,192,0.0,1.0,0.0,0.0,0.0,0.0,0.0,1.0,1
96,600,304,200,0.0,1.0,0.0,0.0,0.0,0.0,0.0,1.0,1
96,592,304,208,0.0,1.0,0.0,0.0,0.0,0.0,0.0,1.0,1
96,584,304,216,0.0,1.0,0.0,0.0,0.0,0.0,0.0,1.0,1
96,576,304,224,0.0,1.0,0.0,0.0,0.0,0.0,0.0,1.0,1
96,568,304,232,0.0,1.0,0.0,0.0,0.0,0.0,0.0,1.0,1
96,560,304,240,0.0,1.0,0.0,0.0,0.0,0.0,0.0,1.0,1
96,552,304,248,0.0,1.0,0.0,0.0,0.0,0.0,0.0,1.0,1
96,544,304,256,0.0,1.0,0.0,0.0,0.0,0.0,0.0,1.0,1
96,536,304,264,0.0,1.0,0.0,0.0,0.0,0.0,0.0,1.0,1
96,528,304,272,0.0,1.0,0.0,0.0,0.0,0.0,0.0,1.0,1
96,520,304,280,0.0,1.0,0.0,0.0,0.0,0.0,0.0,1.0,1
96,512,304,288,0.0,1.0,0.0,0.0,0.0,0.0,0.0,1.0,1
96,504,304,296,0.0,1.0,0.0,0.0,0.0,0.0,0.0,1.0,1
96,496,304,304,0.0,1.0,0.0,0.0,0.0,0.0,0.0,1.0,1
96,488,304,312,0.0,1.0,0.0,0.0,0.0,0.0,0.0,1.0,1
96,480,304,320,0.0,1.0,0.0,0.0,0.0,0.0,0.0,1.0,1
96,472,304,328,0.0,1.0,0.0,0.0,0.0,0.0,0.0,1.0,1
96,464,304,336,0.0,1.0,0.0,0.0,0.0,0.0,0.0,1.0,1
96,456,304,344,0.0,1.0,0.0,0.0,0.0,0.0,0.0,1.0,1
96,448,304,352,0.0,1.0,0.0,0.0,0.0,0.0,0.0,1.0,1
96,440,304,360,,,,,0.0,0.0,0.0,1.0,0
88,440,312,360,,,,,0.0,0.0,1.0,0.0,0
80,440,320,360,,,,,0.0,0.0,1.0,0.0,0
72,440,328,360,,,,,0.0,0.0,1.0,0.0,0
64,440,336,360,,,,,0.0,0.0,1.0,0.0,0
56,440,344,360,0.0,1.0,0.0,0.0,0.0,0.0,1.0,0.0,1
56,432,344,368,0.0,1.0,0.0,0.0,0.0,0.0,0.0,1.0,1
56,424,344,376,0.0,1.0,0.0,0.0,0.0,0.0,0.0,1.0,1
56,416,344,384,0.0,1.0,0.0,0.0,0.0,0.0,0.0,1.0,1
56,408,344,392,0.0,1.0,0.0,0.0,0.0,0.0,0.0,1.0,1
56,400,344,400,0.0,1.0,0.0,0.0,0.0,0.0,0.0,1.0,1
56,392,344,408,0.0,1.0,0.0,0.0,0.0,0.0,0.0,1.0,1
56,384,344,416,0.0,1.0,0.0,0.0,0.0,0.0,0.0,1.0,1
56,376,344,424,,,,,0.0,0.0,0.0,1.0,2
64,376,336,424,,,,,1.0,0.0,0.0,0.0,2
72,376,328,424,,,,,1.0,0.0,0.0,0.0,2
80,376,320,424,,,,,1.0,0.0,0.0,0.0,2
88,376,312,424,,,,,1.0,0.0,0.0,0.0,2
96,376,304,424,,,,,1.0,0.0,0.0,0.0,2
104,376,296,424,,,,,1.0,0.0,0.0,0.0,2
112,376,288,424,,,,,1.0,0.0,0.0,0.0,2
120,376,280,424,,,,,1.0,0.0,0.0,0.0,2
128,376,272,424,0.0,1.0,0.0,0.0,1.0,0.0,0.0,0.0,1
128,368,272,432,0.0,1.0,0.0,0.0,0.0,0.0,0.0,1.0,1
128,360,272,440,0.0,1.0,0.0,0.0,0.0,0.0,0.0,1.0,1
128,352,272,448,0.0,1.0,0.0,0.0,0.0,0.0,0.0,1.0,1
128,344,272,456,0.0,1.0,0.0,0.0,0.0,0.0,0.0,1.0,1
128,336,272,464,0.0,1.0,0.0,0.0,0.0,0.0,0.0,1.0,1
128,328,272,472,0.0,1.0,0.0,0.0,0.0,0.0,0.0,1.0,1
128,320,272,480,0.0,1.0,0.0,0.0,0.0,0.0,0.0,1.0,1
128,312,272,488,0.0,1.0,0.0,0.0,0.0,0.0,0.0,1.0,1
128,304,272,496,0.0,1.0,0.0,0.0,0.0,0.0,0.0,1.0,1
128,296,272,504,0.0,1.0,0.0,0.0,0.0,0.0,0.0,1.0,1
128,288,272,512,0.0,1.0,0.0,0.0,0.0,0.0,0.0,1.0,1
128,280,272,520,0.0,1.0,0.0,0.0,0.0,0.0,0.0,1.0,1
128,272,272,528,0.0,1.0,0.0,0.0,0.0,0.0,0.0,1.0,1
128,264,272,536,0.0,1.0,0.0,0.0,0.0,0.0,0.0,1.0,1
128,256,272,544,0.0,1.0,0.0,0.0,0.0,0.0,0.0,1.0,1
128,248,272,552,0.0,1.0,0.0,0.0,0.0,0.0,0.0,1.0,1
128,240,272,560,0.0,1.0,0.0,0.0,0.0,0.0,0.0,1.0,1
128,232,272,568,0.0,1.0,0.0,0.0,0.0,0.0,0.0,1.0,1
128,224,272,576,0.0,1.0,0.0,0.0,0.0,0.0,0.0,1.0,1
128,216,272,584,0.0,1.0,0.0,0.0,0.0,0.0,0.0,1.0,1
128,208,272,592,0.0,1.0,0.0,0.0,0.0,0.0,0.0,1.0,1
128,200,272,600,0.0,1.0,0.0,0.0,0.0,0.0,0.0,1.0,1
128,192,272,608,0.0,1.0,0.0,0.0,0.0,0.0,0.0,1.0,1
128,184,272,616,0.0,1.0,0.0,0.0,0.0,0.0,0.0,1.0,1
128,176,272,624,0.0,1.0,0.0,0.0,0.0,0.0,0.0,1.0,1
128,168,272,632,0.0,1.0,0.0,0.0,0.0,0.0,0.0,1.0,1
128,160,272,640,0.0,1.0,0.0,0.0,0.0,0.0,0.0,1.0,1
128,152,272,648,,,,,0.0,0.0,0.0,1.0,0
120,152,280,648,,,,,0.0,0.0,1.0,0.0,0
112,152,288,648,,,,,0.0,0.0,1.0,0.0,3
112,160,288,640,,,,,0.0,1.0,0.0,0.0,3
112,168,288,632,,,,,0.0,1.0,0.0,0.0,3
112,176,288,624,,,,,0.0,1.0,0.0,0.0,3
112,184,288,616,,,,,0.0,1.0,0.0,0.0,3
112,192,288,608,,,,,0.0,1.0,0.0,0.0,3
112,200,288,600,,,,,0.0,1.0,0.0,0.0,3
112,208,288,592,,,,,0.0,1.0,0.0,0.0,3
112,216,288,584,,,,,0.0,1.0,0.0,0.0,3
112,224,288,576,,,,,0.0,1.0,0.0,0.0,3
112,232,288,568,,,,,0.0,1.0,0.0,0.0,3
112,240,288,560,,,,,0.0,1.0,0.0,0.0,3
112,248,288,552,,,,,0.0,1.0,0.0,0.0,3
112,256,288,544,,,,,0.0,1.0,0.0,0.0,3
112,264,288,536,,,,,0.0,1.0,0.0,0.0,3
112,272,288,528,,,,,0.0,1.0,0.0,0.0,3
112,280,288,520,,,,,0.0,1.0,0.0,0.0,3
112,288,288,512,,,,,0.0,1.0,0.0,0.0,3
112,296,288,504,,,,,0.0,1.0,0.0,0.0,3
112,304,288,496,,,,,0.0,1.0,0.0,0.0,3
112,312,288,488,,,,,0.0,1.0,0.0,0.0,3
112,320,288,480,,,,,0.0,1.0,0.0,0.0,3
112,328,288,472,,,,,0.0,1.0,0.0,0.0,3
112,336,288,464,,,,,0.0,1.0,0.0,0.0,3
112,344,288,456,,,,,0.0,1.0,0.0,0.0,3
112,352,288,448,,,,,0.0,1.0,0.0,0.0,3
112,360,288,440,,,,,0.0,1.0,0.0,0.0,3
112,368,288,432,,,,,0.0,1.0,0.0,0.0,3
112,376,288,424,,,,,0.0,1.0,0.0,0.0,3
112,384,288,416,,,,,0.0,1.0,0.0,0.0,3
112,392,288,408,,,,,0.0,1.0,0.0,0.0,3
112,400,288,400,,,,,0.0,1.0,0.0,0.0,3
112,408,288,392,,,,,0.0,1.0,0.0,0.0,3
112,416,288,384,,,,,0.0,1.0,0.0,0.0,3
112,424,288,376,,,,,0.0,1.0,0.0,0.0,3
112,432,288,368,,,,,0.0,1.0,0.0,0.0,3
112,440,288,360,,,,,0.0,1.0,0.0,0.0,3
112,448,288,352,,,,,0.0,1.0,0.0,0.0,3
112,456,288,344,,,,,0.0,1.0,0.0,0.0,3
112,464,288,336,,,,,0.0,1.0,0.0,0.0,3
112,472,288,328,,,,,0.0,1.0,0.0,0.0,3
112,480,288,320,,,,,0.0,1.0,0.0,0.0,3
112,488,288,312,,,,,0.0,1.0,0.0,0.0,3
112,496,288,304,,,,,0.0,1.0,0.0,0.0,3
112,504,288,296,,,,,0.0,1.0,0.0,0.0,3
112,512,288,288,,,,,0.0,1.0,0.0,0.0,3
112,520,288,280,,,,,0.0,1.0,0.0,0.0,3
112,528,288,272,,,,,0.0,1.0,0.0,0.0,3
112,536,288,264,,,,,0.0,1.0,0.0,0.0,3
112,544,288,256,,,,,0.0,1.0,0.0,0.0,3
112,552,288,248,,,,,0.0,1.0,0.0,0.0,3
112,560,288,240,,,,,0.0,1.0,0.0,0.0,3
112,568,288,232,,,,,0.0,1.0,0.0,0.0,3
112,576,288,224,,,,,0.0,1.0,0.0,0.0,3
112,584,288,216,,,,,0.0,1.0,0.0,0.0,3
112,592,288,208,,,,,0.0,1.0,0.0,0.0,3
112,600,288,200,,,,,0.0,1.0,0.0,0.0,3
112,608,288,192,,,,,0.0,1.0,0.0,0.0,3
112,616,288,184,,,,,0.0,1.0,0.0,0.0,3
112,624,288,176,,,,,0.0,1.0,0.0,0.0,3
112,632,288,168,,,,,0.0,1.0,0.0,0.0,3
112,640,288,160,,,,,0.0,1.0,0.0,0.0,3
112,648,288,152,,,,,0.0,1.0,0.0,0.0,3
112,656,288,144,,,,,0.0,1.0,0.0,0.0,3
112,664,288,136,,,,,0.0,1.0,0.0,0.0,0
104,664,296,136,,,,,0.0,0.0,1.0,0.0,0
96,664,304,136,,,,,0.0,0.0,1.0,0.0,0
88,664,312,136,,,,,0.0,0.0,1.0,0.0,0
80,664,320,136,,,,,0.0,0.0,1.0,0.0,0
72,664,328,136,,,,,0.0,0.0,1.0,0.0,0
64,664,336,136,,,,,0.0,0.0,1.0,0.0,0
56,664,344,136,,,,,0.0,0.0,1.0,0.0,0
48,664,352,136,,,,,0.0,0.0,1.0,0.0,0
40,664,360,136,0.0,1.0,0.0,0.0,0.0,0.0,1.0,0.0,1
40,656,360,144,0.0,1.0,0.0,0.0,0.0,0.0,0.0,1.0,1
40,648,360,152,0.0,1.0,0.0,0.0,0.0,0.0,0.0,1.0,1
40,640,360,160,0.0,1.0,0.0,0.0,0.0,0.0,0.0,1.0,1
40,632,360,168,0.0,1.0,0.0,0.0,0.0,0.0,0.0,1.0,1
40,624,360,176,0.0,1.0,0.0,0.0,0.0,0.0,0.0,1.0,1
40,616,360,184,0.0,1.0,0.0,0.0,0.0,0.0,0.0,1.0,1
40,608,360,192,,,,,0.0,0.0,0.0,1.0,0
32,608,368,192,,,,,0.0,0.0,1.0,0.0,3
32,616,368,184,,,,,0.0,1.0,0.0,0.0,3
32,624,368,176,,,,,0.0,1.0,0.0,0.0,3
32,632,368,168,,,,,0.0,1.0,0.0,0.0,3
32,640,368,160,,,,,0.0,1.0,0.0,0.0,3
32,648,368,152,,,,,0.0,1.0,0.0,0.0,3
32,656,368,144,,,,,0.0,1.0,0.0,0.0,3
32,664,368,136,,,,,0.0,1.0,0.0,0.0,3
32,672,368,128,,,,,0.0,1.0,0.0,0.0,3
32,680,368,120,,,,,0.0,1.0,0.0,0.0,3
32,688,368,112,,,,,0.0,1.0,0.0,0.0,3
32,696,368,104,,,,,0.0,1.0,0.0,0.0,3
32,704,368,96,,,,,0.0,1.0,0.0,0.0,3
32,712,368,88,,,,,0.0,1.0,0.0,0.0,3
32,720,368,80,,,,,0.0,1.0,0.0,0.0,3
32,728,368,72,,,,,0.0,1.0,0.0,0.0,3
32,736,368,64,,,,,0.0,1.0,0.0,0.0,3
32,744,368,56,,,,,0.0,1.0,0.0,0.0,2
40,744,360,56,,,,,1.0,0.0,0.0,0.0,2
48,744,352,56,,,,,1.0,0.0,0.0,0.0,2
56,744,344,56,,,,,1.0,0.0,0.0,0.0,2
64,744,336,56,,,,,1.0,0.0,0.0,0.0,2
72,744,328,56,,,,,1.0,0.0,0.0,0.0,2
80,744,320,56,,,,,1.0,0.0,0.0,0.0,2
88,744,312,56,,,,,1.0,0.0,0.0,0.0,2
96,744,304,56,,,,,1.0,0.0,0.0,0.0,2
104,744,296,56,,,,,1.0,0.0,0.0,0.0,2
112,744,288,56,,,,,1.0,0.0,0.0,0.0,2
120,744,280,56,,,,,1.0,0.0,0.0,0.0,2
128,744,272,56,,,,,1.0,0.0,0.0,0.0,2
136,744,264,56,,,,,1.0,0.0,0.0,0.0,2
144,744,256,56,,,,,1.0,0.0,0.0,0.0,2
152,744,248,56,,,,,1.0,0.0,0.0,0.0,2
160,744,240,56,,,,,1.0,0.0,0.0,0.0,2
168,744,232,56,,,,,1.0,0.0,0.0,0.0,2
176,744,224,56,,,,,1.0,0.0,0.0,0.0,2
184,744,216,56,,,,,1.0,0.0,0.0,0.0,2
192,744,208,56,,,,,1.0,0.0,0.0,0.0,2
200,744,200,56,,,,,1.0,0.0,0.0,0.0,2
208,744,192,56,,,,,1.0,0.0,0.0,0.0,2
216,744,184,56,,,,,1.0,0.0,0.0,0.0,2
224,744,176,56,,,,,1.0,0.0,0.0,0.0,2
232,744,168,56,,,,,1.0,0.0,0.0,0.0,2
240,744,160,56,,,,,1.0,0.0,0.0,0.0,2
248,744,152,56,,,,,1.0,0.0,0.0,0.0,2
256,744,144,56,,,,,1.0,0.0,0.0,0.0,2
264,744,136,56,,,,,1.0,0.0,0.0,0.0,2
272,744,128,56,,,,,1.0,0.0,0.0,0.0,2
280,744,120,56,,,,,1.0,0.0,0.0,0.0,2
288,744,112,56,,,,,1.0,0.0,0.0,0.0,2
296,744,104,56,,,,,1.0,0.0,0.0,0.0,2
304,744,96,56,,,,,1.0,0.0,0.0,0.0,2
312,744,88,56,,,,,1.0,0.0,0.0,0.0,2
320,744,80,56,,,,,1.0,0.0,0.0,0.0,2
328,744,72,56,,,,,1.0,0.0,0.0,0.0,2
336,744,64,56,,,,,1.0,0.0,0.0,0.0,2
344,744,56,56,,,,,1.0,0.0,0.0,0.0,2
352,744,48,56,,,,,1.0,0.0,0.0,0.0,2
360,744,40,56,0.0,1.0,0.0,0.0,1.0,0.0,0.0,0.0,1
360,736,40,64,0.0,1.0,0.0,0.0,0.0,0.0,0.0,1.0,1
360,728,40,72,0.0,1.0,0.0,0.0,0.0,0.0,0.0,1.0,1
360,720,40,80,0.0,1.0,0.0,0.0,0.0,0.0,0.0,1.0,1
360,712,40,88,0.0,1.0,0.0,0.0,0.0,0.0,0.0,1.0,1
360,704,40,96,0.0,1.0,0.0,0.0,0.0,0.0,0.0,1.0,1
360,696,40,104,0.0,1.0,0.0,0.0,0.0,0.0,0.0,1.0,1
360,688,40,112,0.0,1.0,0.0,0.0,0.0,0.0,0.0,1.0,1
360,680,40,120,0.0,1.0,0.0,0.0,0.0,0.0,0.0,1.0,1
360,672,40,128,0.0,1.0,0.0,0.0,0.0,0.0,0.0,1.0,1
360,664,40,136,0.0,1.0,0.0,0.0,0.0,0.0,0.0,1.0,1
360,656,40,144,0.0,1.0,0.0,0.0,0.0,0.0,0.0,1.0,1
360,648,40,152,0.0,1.0,0.0,0.0,0.0,0.0,0.0,1.0,1
360,640,40,160,0.0,1.0,0.0,0.0,0.0,0.0,0.0,1.0,1
360,632,40,168,0.0,1.0,0.0,0.0,0.0,0.0,0.0,1.0,1
360,624,40,176,0.0,1.0,0.0,0.0,0.0,0.0,0.0,1.0,1
360,616,40,184,0.0,1.0,0.0,0.0,0.0,0.0,0.0,1.0,1
360,608,40,192,0.0,1.0,0.0,0.0,0.0,0.0,0.0,1.0,1
360,600,40,200,0.0,1.0,0.0,0.0,0.0,0.0,0.0,1.0,1
360,592,40,208,,,,,0.0,0.0,0.0,1.0,0
352,592,48,208,,,,,0.0,0.0,1.0,0.0,0
344,592,56,208,,,,,0.0,0.0,1.0,0.0,0
336,592,64,208,,,,,0.0,0.0,1.0,0.0,0
328,592,72,208,,,,,0.0,0.0,1.0,0.0,0
320,592,80,208,,,,,0.0,0.0,1.0,0.0,0
312,592,88,208,,,,,0.0,0.0,1.0,0.0,0
304,592,96,208,,,,,0.0,0.0,1.0,0.0,0
296,592,104,208,,,,,0.0,0.0,1.0,0.0,0
288,592,112,208,,,,,0.0,0.0,1.0,0.0,0
280,592,120,208,,,,,0.0,0.0,1.0,0.0,0
272,592,128,208,,,,,0.0,0.0,1.0,0.0,0
264,592,136,208,,,,,0.0,0.0,1.0,0.0,0
256,592,144,208,,,,,0.0,0.0,1.0,0.0,0
248,592,152,208,,,,,0.0,0.0,1.0,0.0,0
240,592,160,208,,,,,0.0,0.0,1.0,0.0,0
232,592,168,208,,,,,0.0,0.0,1.0,0.0,0
224,592,176,208,,,,,0.0,0.0,1.0,0.0,0
216,592,184,208,,,,,0.0,0.0,1.0,0.0,0
208,592,192,208,,,,,0.0,0.0,1.0,0.0,0
200,592,200,208,,,,,0.0,0.0,1.0,0.0,0
192,592,208,208,,,,,0.0,0.0,1.0,0.0,0
184,592,216,208,,,,,0.0,0.0,1.0,0.0,0
176,592,224,208,,,,,0.0,0.0,1.0,0.0,0
168,592,232,208,,,,,0.0,0.0,1.0,0.0,0
160,592,240,208,,,,,0.0,0.0,1.0,0.0,0
152,592,248,208,,,,,0.0,0.0,1.0,0.0,0
144,592,256,208,,,,,0.0,0.0,1.0,0.0,0
136,592,264,208,,,,,0.0,0.0,1.0,0.0,0
128,592,272,208,,,,,0.0,0.0,1.0,0.0,0
120,592,280,208,,,,,0.0,0.0,1.0,0.0,0
112,592,288,208,,,,,0.0,0.0,1.0,0.0,0
104,592,296,208,,,,,0.0,0.0,1.0,0.0,0
96,592,304,208,,,,,0.0,0.0,1.0,0.0,0
88,592,312,208,0.0,1.0,0.0,0.0,0.0,0.0,1.0,0.0,1
88,584,312,216,0.0,1.0,0.0,0.0,0.0,0.0,0.0,1.0,1
88,576,312,224,0.0,1.0,0.0,0.0,0.0,0.0,0.0,1.0,1
88,568,312,232,0.0,1.0,0.0,0.0,0.0,0.0,0.0,1.0,1
88,560,312,240,0.0,1.0,0.0,0.0,0.0,0.0,0.0,1.0,1
88,552,312,248,0.0,1.0,0.0,0.0,0.0,0.0,0.0,1.0,1
88,544,312,256,0.0,1.0,0.0,0.0,0.0,0.0,0.0,1.0,1
88,536,312,264,0.0,1.0,0.0,0.0,0.0,0.0,0.0,1.0,1
88,528,312,272,0.0,1.0,0.0,0.0,0.0,0.0,0.0,1.0,1
88,520,312,280,0.0,1.0,0.0,0.0,0.0,0.0,0.0,1.0,1
88,512,312,288,0.0,1.0,0.0,0.0,0.0,0.0,0.0,1.0,1
88,504,312,296,0.0,1.0,0.0,0.0,0.0,0.0,0.0,1.0,1
88,496,312,304,0.0,1.0,0.0,0.0,0.0,0.0,0.0,1.0,1
88,488,312,312,0.0,1.0,0.0,0.0,0.0,0.0,0.0,1.0,1
88,480,312,320,0.0,1.0,0.0,0.0,0.0,0.0,0.0,1.0,1
88,472,312,328,0.0,1.0,0.0,0.0,0.0,0.0,0.0,1.0,1
88,464,312,336,0.0,1.0,0.0,0.0,0.0,0.0,0.0,1.0,1
88,456,312,344,0.0,1.0,0.0,0.0,0.0,0.0,0.0,1.0,1
88,448,312,352,0.0,1.0,0.0,0.0,0.0,0.0,0.0,1.0,1
88,440,312,360,0.0,1.0,0.0,0.0,0.0,0.0,0.0,1.0,1
88,432,312,368,0.0,1.0,0.0,0.0,0.0,0.0,0.0,1.0,1
88,424,312,376,0.0,1.0,0.0,0.0,0.0,0.0,0.0,1.0,1
88,416,312,384,0.0,1.0,0.0,0.0,0.0,0.0,0.0,1.0,1
88,408,312,392,0.0,1.0,0.0,0.0,0.0,0.0,0.0,1.0,1
88,400,312,400,0.0,1.0,0.0,0.0,0.0,0.0,0.0,1.0,1
88,392,312,408,0.0,1.0,0.0,0.0,0.0,0.0,0.0,1.0,1
88,384,312,416,0.0,1.0,0.0,0.0,0.0,0.0,0.0,1.0,1
88,376,312,424,0.0,1.0,0.0,0.0,0.0,0.0,0.0,1.0,1
88,368,312,432,0.0,1.0,0.0,0.0,0.0,0.0,0.0,1.0,1
88,360,312,440,0.0,1.0,0.0,0.0,0.0,0.0,0.0,1.0,1
88,352,312,448,0.0,1.0,0.0,0.0,0.0,0.0,0.0,1.0,1
88,344,312,456,0.0,1.0,0.0,0.0,0.0,0.0,0.0,1.0,1
88,336,312,464,0.0,1.0,0.0,0.0,0.0,0.0,0.0,1.0,1
88,328,312,472,0.0,1.0,0.0,0.0,0.0,0.0,0.0,1.0,1
88,320,312,480,0.0,1.0,0.0,0.0,0.0,0.0,0.0,1.0,1
88,312,312,488,0.0,1.0,0.0,0.0,0.0,0.0,0.0,1.0,1
88,304,312,496,0.0,1.0,0.0,0.0,0.0,0.0,0.0,1.0,1
88,296,312,504,0.0,1.0,0.0,0.0,0.0,0.0,0.0,1.0,1
88,288,312,512,0.0,1.0,0.0,0.0,0.0,0.0,0.0,1.0,1
88,280,312,520,0.0,1.0,0.0,0.0,0.0,0.0,0.0,1.0,1
88,272,312,528,0.0,1.0,0.0,0.0,0.0,0.0,0.0,1.0,1
88,264,312,536,0.0,1.0,0.0,0.0,0.0,0.0,0.0,1.0,1
88,256,312,544,0.0,1.0,0.0,0.0,0.0,0.0,0.0,1.0,1
88,248,312,552,0.0,1.0,0.0,0.0,0.0,0.0,0.0,1.0,1
88,240,312,560,0.0,1.0,0.0,0.0,0.0,0.0,0.0,1.0,1
88,232,312,568,0.0,1.0,0.0,0.0,0.0,0.0,0.0,1.0,1
88,224,312,576,0.0,1.0,0.0,0.0,0.0,0.0,0.0,1.0,1
88,216,312,584,0.0,1.0,0.0,0.0,0.0,0.0,0.0,1.0,1
88,208,312,592,0.0,1.0,0.0,0.0,0.0,0.0,0.0,1.0,1
88,200,312,600,0.0,1.0,0.0,0.0,0.0,0.0,0.0,1.0,1
88,192,312,608,0.0,1.0,0.0,0.0,0.0,0.0,0.0,1.0,1
88,184,312,616,0.0,1.0,0.0,0.0,0.0,0.0,0.0,1.0,1
88,176,312,624,0.0,1.0,0.0,0.0,0.0,0.0,0.0,1.0,1
88,168,312,632,0.0,1.0,0.0,0.0,0.0,0.0,0.0,1.0,1
88,160,312,640,0.0,1.0,0.0,0.0,0.0,0.0,0.0,1.0,1
88,152,312,648,0.0,1.0,0.0,0.0,0.0,0.0,0.0,1.0,1
88,144,312,656,0.0,1.0,0.0,0.0,0.0,0.0,0.0,1.0,1
88,136,312,664,0.0,1.0,0.0,0.0,0.0,0.0,0.0,1.0,1
88,128,312,672,0.0,1.0,0.0,0.0,0.0,0.0,0.0,1.0,1
88,120,312,680,0.0,1.0,0.0,0.0,0.0,0.0,0.0,1.0,1
88,112,312,688,0.0,1.0,0.0,0.0,0.0,0.0,0.0,1.0,1
88,104,312,696,0.0,1.0,0.0,0.0,0.0,0.0,0.0,1.0,1
88,96,312,704,0.0,1.0,0.0,0.0,0.0,0.0,0.0,1.0,1
88,88,312,712,0.0,1.0,0.0,0.0,0.0,0.0,0.0,1.0,1
88,80,312,720,0.0,1.0,0.0,0.0,0.0,0.0,0.0,1.0,1
88,72,312,728,,,,,0.0,0.0,0.0,1.0,2
96,72,304,728,,,,,1.0,0.0,0.0,0.0,2
104,72,296,728,,,,,1.0,0.0,0.0,0.0,2
112,72,288,728,,,,,1.0,0.0,0.0,0.0,2
120,72,280,728,,,,,1.0,0.0,0.0,0.0,2
128,72,272,728,,,,,1.0,0.0,0.0,0.0,2
136,72,264,728,,,,,1.0,0.0,0.0,0.0,3
136,80,264,720,,,,,0.0,1.0,0.0,0.0,3
136,88,264,712,,,,,0.0,1.0,0.0,0.0,3
136,96,264,704,,,,,0.0,1.0,0.0,0.0,3
136,104,264,696,,,,,0.0,1.0,0.0,0.0,3
136,112,264,688,,,,,0.0,1.0,0.0,0.0,3
136,120,264,680,,,,,0.0,1.0,0.0,0.0,3
136,128,264,672,,,,,0.0,1.0,0.0,0.0,3
136,136,264,664,,,,,0.0,1.0,0.0,0.0,3
136,144,264,656,,,,,0.0,1.0,0.0,0.0,3
136,152,264,648,,,,,0.0,1.0,0.0,0.0,3
136,160,264,640,,,,,0.0,1.0,0.0,0.0,3
136,168,264,632,,,,,0.0,1.0,0.0,0.0,2
144,168,256,632,,,,,1.0,0.0,0.0,0.0,2
152,168,248,632,,,,,1.0,0.0,0.0,0.0,2
160,168,240,632,,,,,1.0,0.0,0.0,0.0,2
168,168,232,632,,,,,1.0,0.0,0.0,0.0,2
176,168,224,632,,,,,1.0,0.0,0.0,0.0,2
184,168,216,632,,,,,1.0,0.0,0.0,0.0,2
192,168,208,632,,,,,1.0,0.0,0.0,0.0,2
200,168,200,632,,,,,1.0,0.0,0.0,0.0,2
208,168,192,632,,,,,1.0,0.0,0.0,0.0,2
216,168,184,632,,,,,1.0,0.0,0.0,0.0,2
224,168,176,632,,,,,1.0,0.0,0.0,0.0,2
232,168,168,632,,,,,1.0,0.0,0.0,0.0,2
240,168,160,632,,,,,1.0,0.0,0.0,0.0,2
248,168,152,632,,,,,1.0,0.0,0.0,0.0,2
256,168,144,632,,,,,1.0,0.0,0.0,0.0,2
264,168,136,632,,,,,1.0,0.0,0.0,0.0,2
272,168,128,632,,,,,1.0,0.0,0.0,0.0,2
280,168,120,632,,,,,1.0,0.0,0.0,0.0,2
288,168,112,632,,,,,1.0,0.0,0.0,0.0,2
296,168,104,632,,,,,1.0,0.0,0.0,0.0,2
304,168,96,632,,,,,1.0,0.0,0.0,0.0,2
312,168,88,632,,,,,1.0,0.0,0.0,0.0,2
320,168,80,632,,,,,1.0,0.0,0.0,0.0,2
328,168,72,632,,,,,1.0,0.0,0.0,0.0,2
336,168,64,632,,,,,1.0,0.0,0.0,0.0,2
344,168,56,632,,,,,1.0,0.0,0.0,0.0,2
352,168,48,632,,,,,1.0,0.0,0.0,0.0,3
352,176,48,624,,,,,0.0,1.0,0.0,0.0,3
352,184,48,616,,,,,0.0,1.0,0.0,0.0,3
352,192,48,608,,,,,0.0,1.0,0.0,0.0,3
352,200,48,600,,,,,0.0,1.0,0.0,0.0,3
352,208,48,592,,,,,0.0,1.0,0.0,0.0,3
352,216,48,584,,,,,0.0,1.0,0.0,0.0,3
352,224,48,576,,,,,0.0,1.0,0.0,0.0,3
352,232,48,568,,,,,0.0,1.0,0.0,0.0,3
352,240,48,560,,,,,0.0,1.0,0.0,0.0,3
352,248,48,552,,,,,0.0,1.0,0.0,0.0,3
352,256,48,544,,,,,0.0,1.0,0.0,0.0,3
352,264,48,536,,,,,0.0,1.0,0.0,0.0,3
352,272,48,528,,,,,0.0,1.0,0.0,0.0,3
352,280,48,520,,,,,0.0,1.0,0.0,0.0,3
352,288,48,512,,,,,0.0,1.0,0.0,0.0,3
352,296,48,504,,,,,0.0,1.0,0.0,0.0,3
352,304,48,496,,,,,0.0,1.0,0.0,0.0,3
352,312,48,488,,,,,0.0,1.0,0.0,0.0,3
352,320,48,480,,,,,0.0,1.0,0.0,0.0,3
352,328,48,472,,,,,0.0,1.0,0.0,0.0,3
352,336,48,464,,,,,0.0,1.0,0.0,0.0,3
352,344,48,456,,,,,0.0,1.0,0.0,0.0,3
352,352,48,448,,,,,0.0,1.0,0.0,0.0,3
352,360,48,440,,,,,0.0,1.0,0.0,0.0,3
352,368,48,432,,,,,0.0,1.0,0.0,0.0,3
352,376,48,424,,,,,0.0,1.0,0.0,0.0,0
344,376,56,424,,,,,0.0,0.0,1.0,0.0,0
336,376,64,424,,,,,0.0,0.0,1.0,0.0,0
328,376,72,424,,,,,0.0,0.0,1.0,0.0,0
320,376,80,424,,,,,0.0,0.0,1.0,0.0,0
312,376,88,424,,,,,0.0,0.0,1.0,0.0,0
304,376,96,424,,,,,0.0,0.0,1.0,0.0,0
296,376,104,424,,,,,0.0,0.0,1.0,0.0,0
288,376,112,424,,,,,0.0,0.0,1.0,0.0,0
280,376,120,424,,,,,0.0,0.0,1.0,0.0,0
272,376,128,424,,,,,0.0,0.0,1.0,0.0,0
264,376,136,424,,,,,0.0,0.0,1.0,0.0,0
256,376,144,424,,,,,0.0,0.0,1.0,0.0,0
248,376,152,424,,,,,0.0,0.0,1.0,0.0,0
240,376,160,424,,,,,0.0,0.0,1.0,0.0,0
232,376,168,424,,,,,0.0,0.0,1.0,0.0,0
224,376,176,424,,,,,0.0,0.0,1.0,0.0,0
216,376,184,424,,,,,0.0,0.0,1.0,0.0,0
208,376,192,424,,,,,0.0,0.0,1.0,0.0,0
200,376,200,424,,,,,0.0,0.0,1.0,0.0,0
192,376,208,424,,,,,0.0,0.0,1.0,0.0,0
184,376,216,424,,,,,0.0,0.0,1.0,0.0,0
176,376,224,424,,,,,0.0,0.0,1.0,0.0,0
168,376,232,424,,,,,0.0,0.0,1.0,0.0,0
160,376,240,424,,,,,0.0,0.0,1.0,0.0,3
160,384,240,416,,,,,0.0,1.0,0.0,0.0,3
160,392,240,408,,,,,0.0,1.0,0.0,0.0,3
160,400,240,400,,,,,0.0,1.0,0.0,0.0,3
160,408,240,392,,,,,0.0,1.0,0.0,0.0,3
160,416,240,384,,,,,0.0,1.0,0.0,0.0,3
160,424,240,376,,,,,0.0,1.0,0.0,0.0,3
160,432,240,368,,,,,0.0,1.0,0.0,0.0,3
160,440,240,360,,,,,0.0,1.0,0.0,0.0,3
160,448,240,352,,,,,0.0,1.0,0.0,0.0,3
160,456,240,344,,,,,0.0,1.0,0.0,0.0,3
160,464,240,336,,,,,0.0,1.0,0.0,0.0,3
160,472,240,328,,,,,0.0,1.0,0.0,0.0,3
160,480,240,320,,,,,0.0,1.0,0.0,0.0,3
160,488,240,312,,,,,0.0,1.0,0.0,0.0,3
160,496,240,304,,,,,0.0,1.0,0.0,0.0,3
160,504,240,296,,,,,0.0,1.0,0.0,0.0,3
160,512,240,288,,,,,0.0,1.0,0.0,0.0,3
160,520,240,280,,,,,0.0,1.0,0.0,0.0,3
160,528,240,272,,,,,0.0,1.0,0.0,0.0,3
160,536,240,264,,,,,0.0,1.0,0.0,0.0,3
160,544,240,256,,,,,0.0,1.0,0.0,0.0,3
160,552,240,248,,,,,0.0,1.0,0.0,0.0,3
160,560,240,240,,,,,0.0,1.0,0.0,0.0,3
160,568,240,232,,,,,0.0,1.0,0.0,0.0,3
160,576,240,224,,,,,0.0,1.0,0.0,0.0,3
160,584,240,216,,,,,0.0,1.0,0.0,0.0,3
160,592,240,208,,,,,0.0,1.0,0.0,0.0,3
160,600,240,200,,,,,0.0,1.0,0.0,0.0,3
160,608,240,192,,,,,0.0,1.0,0.0,0.0,3
160,616,240,184,,,,,0.0,1.0,0.0,0.0,3
160,624,240,176,,,,,0.0,1.0,0.0,0.0,3
160,632,240,168,,,,,0.0,1.0,0.0,0.0,2
168,632,232,168,,,,,1.0,0.0,0.0,0.0,2
176,632,224,168,,,,,1.0,0.0,0.0,0.0,3
176,640,224,160,,,,,0.0,1.0,0.0,0.0,3
176,648,224,152,,,,,0.0,1.0,0.0,0.0,3
176,656,224,144,,,,,0.0,1.0,0.0,0.0,3
176,664,224,136,,,,,0.0,1.0,0.0,0.0,3
176,672,224,128,,,,,0.0,1.0,0.0,0.0,3
176,680,224,120,,,,,0.0,1.0,0.0,0.0,3
176,688,224,112,,,,,0.0,1.0,0.0,0.0,3
176,696,224,104,,,,,0.0,1.0,0.0,0.0,3
176,704,224,96,,,,,0.0,1.0,0.0,0.0,3
176,712,224,88,,,,,0.0,1.0,0.0,0.0,3
176,720,224,80,,,,,0.0,1.0,0.0,0.0,3
176,728,224,72,,,,,0.0,1.0,0.0,0.0,2
184,728,216,72,,,,,1.0,0.0,0.0,0.0,2
192,728,208,72,,,,,1.0,0.0,0.0,0.0,2
200,728,200,72,,,,,1.0,0.0,0.0,0.0,2
208,728,192,72,,,,,1.0,0.0,0.0,0.0,2
216,728,184,72,,,,,1.0,0.0,0.0,0.0,2
224,728,176,72,,,,,1.0,0.0,0.0,0.0,2
232,728,168,72,,,,,1.0,0.0,0.0,0.0,2
240,728,160,72,,,,,1.0,0.0,0.0,0.0,2
248,728,152,72,,,,,1.0,0.0,0.0,0.0,2
256,728,144,72,,,,,1.0,0.0,0.0,0.0,2
264,728,136,72,,,,,1.0,0.0,0.0,0.0,2
272,728,128,72,,,,,1.0,0.0,0.0,0.0,2
280,728,120,72,,,,,1.0,0.0,0.0,0.0,2
288,728,112,72,,,,,1.0,0.0,0.0,0.0,2
296,728,104,72,,,,,1.0,0.0,0.0,0.0,2
304,728,96,72,,,,,1.0,0.0,0.0,0.0,2
312,728,88,72,,,,,1.0,0.0,0.0,0.0,2
320,728,80,72,0.0,1.0,0.0,0.0,1.0,0.0,0.0,0.0,1
320,720,80,80,0.0,1.0,0.0,0.0,0.0,0.0,0.0,1.0,1
320,712,80,88,0.0,1.0,0.0,0.0,0.0,0.0,0.0,1.0,1
320,704,80,96,0.0,1.0,0.0,0.0,0.0,0.0,0.0,1.0,1
320,696,80,104,0.0,1.0,0.0,0.0,0.0,0.0,0.0,1.0,1
320,688,80,112,0.0,1.0,0.0,0.0,0.0,0.0,0.0,1.0,1
320,680,80,120,0.0,1.0,0.0,0.0,0.0,0.0,0.0,1.0,1
320,672,80,128,0.0,1.0,0.0,0.0,0.0,0.0,0.0,1.0,1
320,664,80,136,0.0,1.0,0.0,0.0,0.0,0.0,0.0,1.0,1
320,656,80,144,0.0,1.0,0.0,0.0,0.0,0.0,0.0,1.0,1
320,648,80,152,0.0,1.0,0.0,0.0,0.0,0.0,0.0,1.0,1
320,640,80,160,0.0,1.0,0.0,0.0,0.0,0.0,0.0,1.0,1
320,632,80,168,0.0,1.0,0.0,0.0,0.0,0.0,0.0,1.0,1
320,624,80,176,0.0,1.0,0.0,0.0,0.0,0.0,0.0,1.0,1
320,616,80,184,0.0,1.0,0.0,0.0,0.0,0.0,0.0,1.0,1
320,608,80,192,0.0,1.0,0.0,0.0,0.0,0.0,0.0,1.0,1
320,600,80,200,0.0,1.0,0.0,0.0,0.0,0.0,0.0,1.0,1
320,592,80,208,0.0,1.0,0.0,0.0,0.0,0.0,0.0,1.0,1
320,584,80,216,0.0,1.0,0.0,0.0,0.0,0.0,0.0,1.0,1
320,576,80,224,0.0,1.0,0.0,0.0,0.0,0.0,0.0,1.0,1
320,568,80,232,0.0,1.0,0.0,0.0,0.0,0.0,0.0,1.0,1
320,560,80,240,0.0,1.0,0.0,0.0,0.0,0.0,0.0,1.0,1
320,552,80,248,0.0,1.0,0.0,0.0,0.0,0.0,0.0,1.0,1
320,544,80,256,0.0,1.0,0.0,0.0,0.0,0.0,0.0,1.0,1
320,536,80,264,0.0,1.0,0.0,0.0,0.0,0.0,0.0,1.0,1
320,528,80,272,0.0,1.0,0.0,0.0,0.0,0.0,0.0,1.0,1
320,520,80,280,0.0,1.0,0.0,0.0,0.0,0.0,0.0,1.0,1
320,512,80,288,,,,,0.0,0.0,0.0,1.0,0
312,512,88,288,,,,,0.0,0.0,1.0,0.0,0
304,512,96,288,,,,,0.0,0.0,1.0,0.0,0
296,512,104,288,,,,,0.0,0.0,1.0,0.0,0
288,512,112,288,,,,,0.0,0.0,1.0,0.0,0
280,512,120,288,,,,,0.0,0.0,1.0,0.0,0
272,512,128,288,,,,,0.0,0.0,1.0,0.0,0
264,512,136,288,,,,,0.0,0.0,1.0,0.0,0
256,512,144,288,,,,,0.0,0.0,1.0,0.0,0
248,512,152,288,,,,,0.0,0.0,1.0,0.0,0
240,512,160,288,,,,,0.0,0.0,1.0,0.0,0
232,512,168,288,,,,,0.0,0.0,1.0,0.0,0
224,512,176,288,,,,,0.0,0.0,1.0,0.0,0
216,512,184,288,,,,,0.0,0.0,1.0,0.0,0
208,512,192,288,,,,,0.0,0.0,1.0,0.0,0
200,512,200,288,,,,,0.0,0.0,1.0,0.0,0
192,512,208,288,,,,,0.0,0.0,1.0,0.0,0
184,512,216,288,,,,,0.0,0.0,1.0,0.0,0
176,512,224,288,,,,,0.0,0.0,1.0,0.0,0
168,512,232,288,,,,,0.0,0.0,1.0,0.0,0
160,512,240,288,,,,,0.0,0.0,1.0,0.0,0
152,512,248,288,,,,,0.0,0.0,1.0,0.0,0
144,512,256,288,,,,,0.0,0.0,1.0,0.0,0
136,512,264,288,,,,,0.0,0.0,1.0,0.0,0
128,512,272,288,,,,,0.0,0.0,1.0,0.0,0
120,512,280,288,,,,,0.0,0.0,1.0,0.0,0
112,512,288,288,,,,,0.0,0.0,1.0,0.0,0
104,512,296,288,,,,,0.0,0.0,1.0,0.0,0
96,512,304,288,,,,,0.0,0.0,1.0,0.0,0
88,512,312,288,,,,,0.0,0.0,1.0,0.0,0
80,512,320,288,,,,,0.0,0.0,1.0,0.0,0
72,512,328,288,,,,,0.0,0.0,1.0,0.0,0
64,512,336,288,,,,,0.0,0.0,1.0,0.0,0
56,512,344,288,,,,,0.0,0.0,1.0,0.0,0
48,512,352,288,,,,,0.0,0.0,1.0,0.0,0
40,512,360,288,,,,,0.0,0.0,1.0,0.0,0
32,512,368,288,,,,,0.0,0.0,1.0,0.0,0
24,512,376,288,,,,,0.0,0.0,1.0,0.0,0
16,512,384,288,,,,,0.0,0.0,1.0,0.0,3
16,520,384,280,,,,,0.0,1.0,0.0,0.0,3
16,528,384,272,,,,,0.0,1.0,0.0,0.0,3
16,536,384,264,,,,,0.0,1.0,0.0,0.0,3
16,544,384,256,,,,,0.0,1.0,0.0,0.0,3
16,552,384,248,,,,,0.0,1.0,0.0,0.0,3
16,560,384,240,,,,,0.0,1.0,0.0,0.0,3
16,568,384,232,,,,,0.0,1.0,0.0,0.0,3
16,576,384,224,,,,,0.0,1.0,0.0,0.0,3
16,584,384,216,,,,,0.0,1.0,0.0,0.0,3
16,592,384,208,,,,,0.0,1.0,0.0,0.0,2
24,592,376,208,,,,,1.0,0.0,0.0,0.0,2
32,592,368,208,,,,,1.0,0.0,0.0,0.0,2
40,592,360,208,,,,,1.0,0.0,0.0,0.0,2
48,592,352,208,,,,,1.0,0.0,0.0,0.0,2
56,592,344,208,,,,,1.0,0.0,0.0,0.0,2
64,592,336,208,,,,,1.0,0.0,0.0,0.0,2
72,592,328,208,,,,,1.0,0.0,0.0,0.0,3
72,600,328,200,,,,,0.0,1.0,0.0,0.0,3
72,608,328,192,,,,,0.0,1.0,0.0,0.0,3
72,616,328,184,,,,,0.0,1.0,0.0,0.0,3
72,624,328,176,,,,,0.0,1.0,0.0,0.0,3
72,632,328,168,,,,,0.0,1.0,0.0,0.0,3
72,640,328,160,,,,,0.0,1.0,0.0,0.0,3
72,648,328,152,,,,,0.0,1.0,0.0,0.0,3
72,656,328,144,,,,,0.0,1.0,0.0,0.0,3
72,664,328,136,,,,,0.0,1.0,0.0,0.0,3
72,672,328,128,,,,,0.0,1.0,0.0,0.0,2
80,672,320,128,,,,,1.0,0.0,0.0,0.0,2
88,672,312,128,,,,,1.0,0.0,0.0,0.0,2
96,672,304,128,,,,,1.0,0.0,0.0,0.0,2
104,672,296,128,,,,,1.0,0.0,0.0,0.0,2
112,672,288,128,,,,,1.0,0.0,0.0,0.0,2
120,672,280,128,,,,,1.0,0.0,0.0,0.0,2
128,672,272,128,,,,,1.0,0.0,0.0,0.0,2
136,672,264,128,,,,,1.0,0.0,0.0,0.0,2
144,672,256,128,,,,,1.0,0.0,0.0,0.0,2
152,672,248,128,,,,,1.0,0.0,0.0,0.0,2
160,672,240,128,,,,,1.0,0.0,0.0,0.0,2
168,672,232,128,,,,,1.0,0.0,0.0,0.0,2
176,672,224,128,,,,,1.0,0.0,0.0,0.0,2
184,672,216,128,,,,,1.0,0.0,0.0,0.0,2
192,672,208,128,,,,,1.0,0.0,0.0,0.0,2
200,672,200,128,,,,,1.0,0.0,0.0,0.0,2
208,672,192,128,,,,,1.0,0.0,0.0,0.0,2
216,672,184,128,,,,,1.0,0.0,0.0,0.0,2
224,672,176,128,,,,,1.0,0.0,0.0,0.0,2
232,672,168,128,,,,,1.0,0.0,0.0,0.0,2
240,672,160,128,,,,,1.0,0.0,0.0,0.0,2
248,672,152,128,,,,,1.0,0.0,0.0,0.0,2
256,672,144,128,,,,,1.0,0.0,0.0,0.0,2
264,672,136,128,,,,,1.0,0.0,0.0,0.0,2
272,672,128,128,,,,,1.0,0.0,0.0,0.0,2
280,672,120,128,,,,,1.0,0.0,0.0,0.0,2
288,672,112,128,,,,,1.0,0.0,0.0,0.0,2
296,672,104,128,,,,,1.0,0.0,0.0,0.0,2
304,672,96,128,,,,,1.0,0.0,0.0,0.0,2
312,672,88,128,,,,,1.0,0.0,0.0,0.0,2
320,672,80,128,,,,,1.0,0.0,0.0,0.0,2
328,672,72,128,,,,,1.0,0.0,0.0,0.0,2
336,672,64,128,,,,,1.0,0.0,0.0,0.0,2
344,672,56,128,,,,,1.0,0.0,0.0,0.0,2
352,672,48,128,0.0,1.0,0.0,0.0,1.0,0.0,0.0,0.0,1
352,664,48,136,0.0,1.0,0.0,0.0,0.0,0.0,0.0,1.0,1
352,656,48,144,0.0,1.0,0.0,0.0,0.0,0.0,0.0,1.0,1
352,648,48,152,0.0,1.0,0.0,0.0,0.0,0.0,0.0,1.0,1
352,640,48,160,0.0,1.0,0.0,0.0,0.0,0.0,0.0,1.0,1
352,632,48,168,0.0,1.0,0.0,0.0,0.0,0.0,0.0,1.0,1
352,624,48,176,0.0,1.0,0.0,0.0,0.0,0.0,0.0,1.0,1
352,616,48,184,0.0,1.0,0.0,0.0,0.0,0.0,0.0,1.0,1
352,608,48,192,0.0,1.0,0.0,0.0,0.0,0.0,0.0,1.0,1
352,600,48,200,0.0,1.0,0.0,0.0,0.0,0.0,0.0,1.0,1
352,592,48,208,0.0,1.0,0.0,0.0,0.0,0.0,0.0,1.0,1
352,584,48,216,0.0,1.0,0.0,0.0,0.0,0.0,0.0,1.0,1
352,576,48,224,0.0,1.0,0.0,0.0,0.0,0.0,0.0,1.0,1
352,568,48,232,0.0,1.0,0.0,0.0,0.0,0.0,0.0,1.0,1
352,560,48,240,0.0,1.0,0.0,0.0,0.0,0.0,0.0,1.0,1
352,552,48,248,0.0,1.0,0.0,0.0,0.0,0.0,0.0,1.0,1
352,544,48,256,0.0,1.0,0.0,0.0,0.0,0.0,0.0,1.0,1
352,536,48,264,0.0,1.0,0.0,0.0,0.0,0.0,0.0,1.0,1
352,528,48,272,0.0,1.0,0.0,0.0,0.0,0.0,0.0,1.0,1
352,520,48,280,0.0,1.0,0.0,0.0,0.0,0.0,0.0,1.0,1
352,512,48,288,0.0,1.0,0.0,0.0,0.0,0.0,0.0,1.0,1
352,504,48,296,0.0,1.0,0.0,0.0,0.0,0.0,0.0,1.0,1
352,496,48,304,0.0,1.0,0.0,0.0,0.0,0.0,0.0,1.0,1
352,488,48,312,0.0,1.0,0.0,0.0,0.0,0.0,0.0,1.0,1
352,480,48,320,0.0,1.0,0.0,0.0,0.0,0.0,0.0,1.0,1
352,472,48,328,0.0,1.0,0.0,0.0,0.0,0.0,0.0,1.0,1
352,464,48,336,0.0,1.0,0.0,0.0,0.0,0.0,0.0,1.0,1
352,456,48,344,0.0,1.0,0.0,0.0,0.0,0.0,0.0,1.0,1
352,448,48,352,0.0,1.0,0.0,0.0,0.0,0.0,0.0,1.0,1
352,440,48,360,0.0,1.0,0.0,0.0,0.0,0.0,0.0,1.0,1
352,432,48,368,0.0,1.0,0.0,0.0,0.0,0.0,0.0,1.0,1
352,424,48,376,,,,,0.0,0.0,0.0,1.0,0
344,424,56,376,,,,,0.0,0.0,1.0,0.0,0
336,424,64,376,,,,,0.0,0.0,1.0,0.0,0
328,424,72,376,,,,,0.0,0.0,1.0,0.0,0
320,424,80,376,,,,,0.0,0.0,1.0,0.0,0
312,424,88,376,,,,,0.0,0.0,1.0,0.0,0
304,424,96,376,,,,,0.0,0.0,1.0,0.0,0
296,424,104,376,,,,,0.0,0.0,1.0,0.0,0
288,424,112,376,,,,,0.0,0.0,1.0,0.0,0
280,424,120,376,,,,,0.0,0.0,1.0,0.0,0
272,424,128,376,,,,,0.0,0.0,1.0,0.0,0
264,424,136,376,,,,,0.0,0.0,1.0,0.0,0
256,424,144,376,,,,,0.0,0.0,1.0,0.0,0
248,424,152,376,,,,,0.0,0.0,1.0,0.0,0
240,424,160,376,,,,,0.0,0.0,1.0,0.0,0
232,424,168,376,,,,,0.0,0.0,1.0,0.0,0
224,424,176,376,,,,,0.0,0.0,1.0,0.0,0
216,424,184,376,,,,,0.0,0.0,1.0,0.0,0
208,424,192,376,,,,,0.0,0.0,1.0,0.0,0
200,424,200,376,,,,,0.0,0.0,1.0,0.0,0
192,424,208,376,,,,,0.0,0.0,1.0,0.0,0
184,424,216,376,,,,,0.0,0.0,1.0,0.0,0
176,424,224,376,,,,,0.0,0.0,1.0,0.0,0
168,424,232,376,,,,,0.0,0.0,1.0,0.0,0
160,424,240,376,,,,,0.0,0.0,1.0,0.0,0
152,424,248,376,,,,,0.0,0.0,1.0,0.0,0
144,424,256,376,,,,,0.0,0.0,1.0,0.0,0
136,424,264,376,,,,,0.0,0.0,1.0,0.0,0
128,424,272,376,,,,,0.0,0.0,1.0,0.0,0
120,424,280,376,,,,,0.0,0.0,1.0,0.0,0
112,424,288,376,,,,,0.0,0.0,1.0,0.0,0
104,424,296,376,,,,,0.0,0.0,1.0,0.0,0
96,424,304,376,,,,,0.0,0.0,1.0,0.0,0
88,424,312,376,,,,,0.0,0.0,1.0,0.0,0
80,424,320,376,,,,,0.0,0.0,1.0,0.0,0
72,424,328,376,,,,,0.0,0.0,1.0,0.0,0
64,424,336,376,0.0,1.0,0.0,0.0,0.0,0.0,1.0,0.0,1
64,416,336,384,0.0,1.0,0.0,0.0,0.0,0.0,0.0,1.0,1
64,408,336,392,0.0,1.0,0.0,0.0,0.0,0.0,0.0,1.0,1
64,400,336,400,0.0,1.0,0.0,0.0,0.0,0.0,0.0,1.0,1
64,392,336,408,0.0,1.0,0.0,0.0,0.0,0.0,0.0,1.0,1
64,384,336,416,0.0,1.0,0.0,0.0,0.0,0.0,0.0,1.0,1
64,376,336,424,0.0,1.0,0.0,0.0,0.0,0.0,0.0,1.0,1
64,368,336,432,0.0,1.0,0.0,0.0,0.0,0.0,0.0,1.0,1
64,360,336,440,0.0,1.0,0.0,0.0,0.0,0.0,0.0,1.0,1
64,352,336,448,0.0,1.0,0.0,0.0,0.0,0.0,0.0,1.0,1
64,344,336,456,0.0,1.0,0.0,0.0,0.0,0.0,0.0,1.0,1
64,336,336,464,0.0,1.0,0.0,0.0,0.0,0.0,0.0,1.0,1
64,328,336,472,0.0,1.0,0.0,0.0,0.0,0.0,0.0,1.0,1
64,320,336,480,0.0,1.0,0.0,0.0,0.0,0.0,0.0,1.0,1
64,312,336,488,0.0,1.0,0.0,0.0,0.0,0.0,0.0,1.0,1
64,304,336,496,0.0,1.0,0.0,0.0,0.0,0.0,0.0,1.0,1
64,296,336,504,0.0,1.0,0.0,0.0,0.0,0.0,0.0,1.0,1
64,288,336,512,0.0,1.0,0.0,0.0,0.0,0.0,0.0,1.0,1
64,280,336,520,0.0,1.0,0.0,0.0,0.0,0.0,0.0,1.0,1
64,272,336,528,0.0,1.0,0.0,0.0,0.0,0.0,0.0,1.0,1
64,264,336,536,0.0,1.0,0.0,0.0,0.0,0.0,0.0,1.0,1
64,256,336,544,0.0,1.0,0.0,0.0,0.0,0.0,0.0,1.0,1
64,248,336,552,0.0,1.0,0.0,0.0,0.0,0.0,0.0,1.0,1
64,240,336,560,0.0,1.0,0.0,0.0,0.0,0.0,0.0,1.0,1
64,232,336,568,0.0,1.0,0.0,0.0,0.0,0.0,0.0,1.0,1
64,224,336,576,0.0,1.0,0.0,0.0,0.0,0.0,0.0,1.0,1
64,216,336,584,0.0,1.0,0.0,0.0,0.0,0.0,0.0,1.0,1
64,208,336,592,0.0,1.0,0.0,0.0,0.0,0.0,0.0,1.0,1
64,200,336,600,0.0,1.0,0.0,0.0,0.0,0.0,0.0,1.0,1
64,192,336,608,0.0,1.0,0.0,0.0,0.0,0.0,0.0,1.0,1
64,184,336,616,0.0,1.0,0.0,0.0,0.0,0.0,0.0,1.0,1
64,176,336,624,0.0,1.0,0.0,0.0,0.0,0.0,0.0,1.0,1
64,168,336,632,0.0,1.0,0.0,0.0,0.0,0.0,0.0,1.0,1
64,160,336,640,0.0,1.0,0.0,0.0,0.0,0.0,0.0,1.0,1
64,152,336,648,0.0,1.0,0.0,0.0,0.0,0.0,0.0,1.0,1
64,144,336,656,0.0,1.0,0.0,0.0,0.0,0.0,0.0,1.0,1
64,136,336,664,0.0,1.0,0.0,0.0,0.0,0.0,0.0,1.0,1
64,128,336,672,,,,,0.0,0.0,0.0,1.0,2
72,128,328,672,,,,,1.0,0.0,0.0,0.0,2
80,128,320,672,,,,,1.0,0.0,0.0,0.0,2
88,128,312,672,,,,,1.0,0.0,0.0,0.0,2
96,128,304,672,,,,,1.0,0.0,0.0,0.0,2
104,128,296,672,,,,,1.0,0.0,0.0,0.0,2
112,128,288,672,,,,,1.0,0.0,0.0,0.0,2
120,128,280,672,,,,,1.0,0.0,0.0,0.0,2
128,128,272,672,,,,,1.0,0.0,0.0,0.0,3
128,136,272,664,,,,,0.0,1.0,0.0,0.0,3
128,144,272,656,,,,,0.0,1.0,0.0,0.0,3
128,152,272,648,,,,,0.0,1.0,0.0,0.0,3
128,160,272,640,,,,,0.0,1.0,0.0,0.0,3
128,168,272,632,,,,,0.0,1.0,0.0,0.0,3
128,176,272,624,,,,,0.0,1.0,0.0,0.0,3
128,184,272,616,,,,,0.0,1.0,0.0,0.0,3
128,192,272,608,,,,,0.0,1.0,0.0,0.0,3
128,200,272,600,,,,,0.0,1.0,0.0,0.0,3
128,208,272,592,,,,,0.0,1.0,0.0,0.0,3
128,216,272,584,,,,,0.0,1.0,0.0,0.0,3
128,224,272,576,,,,,0.0,1.0,0.0,0.0,3
128,232,272,568,,,,,0.0,1.0,0.0,0.0,3
128,240,272,560,,,,,0.0,1.0,0.0,0.0,3
128,248,272,552,,,,,0.0,1.0,0.0,0.0,3
128,256,272,544,,,,,0.0,1.0,0.0,0.0,3
128,264,272,536,,,,,0.0,1.0,0.0,0.0,3
128,272,272,528,,,,,0.0,1.0,0.0,0.0,3
128,280,272,520,,,,,0.0,1.0,0.0,0.0,3
128,288,272,512,,,,,0.0,1.0,0.0,0.0,3
128,296,272,504,,,,,0.0,1.0,0.0,0.0,3
128,304,272,496,,,,,0.0,1.0,0.0,0.0,3
128,312,272,488,,,,,0.0,1.0,0.0,0.0,3
128,320,272,480,,,,,0.0,1.0,0.0,0.0,3
128,328,272,472,,,,,0.0,1.0,0.0,0.0,3
128,336,272,464,,,,,0.0,1.0,0.0,0.0,3
128,344,272,456,,,,,0.0,1.0,0.0,0.0,3
128,352,272,448,,,,,0.0,1.0,0.0,0.0,3
128,360,272,440,,,,,0.0,1.0,0.0,0.0,3
128,368,272,432,,,,,0.0,1.0,0.0,0.0,3
128,376,272,424,,,,,0.0,1.0,0.0,0.0,3
128,384,272,416,,,,,0.0,1.0,0.0,0.0,3
128,392,272,408,,,,,0.0,1.0,0.0,0.0,3
128,400,272,400,,,,,0.0,1.0,0.0,0.0,3
128,408,272,392,,,,,0.0,1.0,0.0,0.0,3
128,416,272,384,,,,,0.0,1.0,0.0,0.0,3
128,424,272,376,,,,,0.0,1.0,0.0,0.0,3
128,432,272,368,,,,,0.0,1.0,0.0,0.0,3
128,440,272,360,,,,,0.0,1.0,0.0,0.0,3
128,448,272,352,,,,,0.0,1.0,0.0,0.0,3
128,456,272,344,,,,,0.0,1.0,0.0,0.0,3
128,464,272,336,,,,,0.0,1.0,0.0,0.0,3
128,472,272,328,,,,,0.0,1.0,0.0,0.0,3
128,480,272,320,,,,,0.0,1.0,0.0,0.0,3
128,488,272,312,,,,,0.0,1.0,0.0,0.0,2
136,488,264,312,,,,,1.0,0.0,0.0,0.0,2
144,488,256,312,,,,,1.0,0.0,0.0,0.0,2
152,488,248,312,,,,,1.0,0.0,0.0,0.0,2
160,488,240,312,,,,,1.0,0.0,0.0,0.0,2
168,488,232,312,,,,,1.0,0.0,0.0,0.0,2
176,488,224,312,,,,,1.0,0.0,0.0,0.0,2
184,488,216,312,,,,,1.0,0.0,0.0,0.0,2
192,488,208,312,,,,,1.0,0.0,0.0,0.0,2
200,488,200,312,,,,,1.0,0.0,0.0,0.0,2
208,488,192,312,,,,,1.0,0.0,0.0,0.0,2
216,488,184,312,,,,,1.0,0.0,0.0,0.0,2
